assigned,delivered
Separate,Separate
Arrest,Arrest
Arrest,Arrest
Separate,Separate
Separate,Separate
Arrest,Arrest
Arrest,Arrest
Arrest,Arrest
Separate,Separate
Advise,Advise
Advise,Advise
Separate,Separate
Arrest,Arrest
Separate,Separate
Arrest,Arrest
Arrest,Arrest
Arrest,Arrest
Arrest,Arrest
Separate,Arrest
Advise,Advise
Separate,Separate
Arrest,Arrest
Advise,Advise
Arrest,Arrest
Advise,Advise
Arrest,Arrest
Advise,Advise
Advise,Advise
Advise,Advise
Advise,Advise
Separate,Separate
Separate,Separate
Arrest,Arrest
Separate,Separate
Arrest,Arrest
Separate,Arrest
Advise,Advise
Advise,Arrest
Separate,Arrest
Separate,Separate
Advise,Advise
Arrest,Arrest
Advise,Advise
Separate,Separate
Arrest,Arrest
Separate,Separate
Advise,Advise
Separate,Separate
Advise,Arrest
Advise,Advise
Separate,Separate
Separate,Arrest
Separate,Separate
Separate,Advise
Arrest,Arrest
Separate,Separate
Separate,Separate
Arrest,Arrest
Separate,Separate
Advise,Advise
Separate,Arrest
Advise,Advise
Separate,Separate
Arrest,Arrest
Separate,Arrest
Arrest,Arrest
Arrest,Arrest
Arrest,Arrest
Arrest,Arrest
Advise,Separate
Arrest,Arrest
Separate,Separate
Advise,Advise
Separate,Arrest
Advise,Advise
Advise,Advise
Separate,Separate
Separate,Separate
Advise,Advise
Arrest,Arrest
Advise,Advise
Arrest,Arrest
Advise,Advise
Advise,Advise
Arrest,Arrest
Separate,Separate
Arrest,Arrest
Advise,Advise
Separate,Arrest
Separate,Arrest
Separate,Separate
Arrest,Arrest
Separate,Separate
Separate,Arrest
Arrest,Arrest
Advise,Arrest
Arrest,Arrest
Arrest,Arrest
Advise,Arrest
Arrest,Arrest
Arrest,Arrest
Separate,Arrest
Advise,Advise
Separate,Separate
Arrest,Arrest
Advise,Advise
Arrest,Arrest
Arrest,Arrest
Arrest,Arrest
Advise,Advise
Separate,Arrest
Advise,Arrest
Arrest,Arrest
Advise,Advise
Separate,Separate
Advise,Advise
Advise,Advise
Separate,Separate
Advise,Arrest
Advise,Advise
Advise,Advise
Separate,Separate
Separate,Separate
Separate,Separate
Advise,Arrest
Separate,Separate
Advise,Advise
Separate,Separate
Separate,Separate
Advise,Advise
Arrest,Arrest
Advise,Advise
Separate,Separate
Separate,Separate
Advise,Advise
Advise,Arrest
Arrest,Arrest
Separate,Separate
Separate,Arrest
Arrest,Arrest
Advise,Advise
Advise,Advise
Arrest,Arrest
Advise,Advise
Arrest,Arrest
Separate,Separate
Separate,Separate
Advise,Advise
Separate,Arrest
Advise,Arrest
Arrest,Arrest
Advise,Advise
Separate,Arrest
Separate,Separate
Advise,Arrest
Advise,Advise
Arrest,Arrest
Advise,Advise
Advise,Advise
Advise,Advise
Arrest,Arrest
Advise,Advise
Separate,Separate
Advise,Advise
Advise,Arrest
Advise,Advise
Advise,Separate
Arrest,Arrest
Advise,Advise
Arrest,Arrest
Separate,Separate
Separate,Separate
Separate,Separate
Separate,Separate
Advise,Advise
Separate,Separate
Separate,Separate
Separate,Arrest
Separate,Separate
Advise,Advise
Advise,Advise
Separate,Arrest
Separate,Separate
Separate,Arrest
Separate,Arrest
Separate,Advise
Advise,Advise
Advise,Advise
Separate,Arrest
Arrest,Arrest
Advise,Advise
Arrest,Arrest
Advise,Advise
Separate,Arrest
Separate,Arrest
Arrest,Arrest
Arrest,Arrest
Arrest,Arrest
Advise,Advise
Separate,Separate
Arrest,Arrest
Advise,Advise
Advise,Separate
Arrest,Arrest
Arrest,Separate
Separate,Separate
Advise,Advise
Advise,Arrest
Separate,Separate
Separate,Separate
Arrest,Arrest
Separate,Separate
Advise,Arrest
Advise,Advise
Arrest,Arrest
Separate,Separate
Arrest,Arrest
Separate,Separate
Arrest,Arrest
Arrest,Arrest
Separate,Separate
Advise,Arrest
Advise,Arrest
Separate,Separate
Advise,Advise
Separate,Separate
Advise,Advise
Advise,Advise
Arrest,Arrest
Separate,Arrest
Arrest,Arrest
Arrest,Arrest
Separate,Separate
Advise,Advise
Arrest,Arrest
Separate,Separate
Advise,Advise
Arrest,Arrest
Advise,Advise
Separate,Advise
Separate,Arrest
Arrest,Arrest
Separate,Separate
Arrest,Arrest
Separate,Separate
Separate,Advise
Arrest,Arrest
Advise,Advise
Arrest,Arrest
Advise,Advise
Advise,Separate
Advise,Advise
Separate,Separate
Arrest,Arrest
Advise,Arrest
Arrest,Arrest
Separate,Separate
Advise,Advise
Arrest,Arrest
Arrest,Arrest
Advise,Advise
Arrest,Arrest
Advise,Advise
Separate,Separate
Arrest,Arrest
Separate,Advise
Advise,Arrest
Advise,Arrest
Arrest,Arrest
Separate,Arrest
Arrest,Arrest
Separate,Separate
Arrest,Arrest
Advise,Advise
Separate,Separate
Separate,Separate
Advise,Advise
Arrest,Arrest
Advise,Advise
Separate,Arrest
Advise,Advise
Arrest,Arrest
Arrest,Arrest
Separate,Separate
Advise,Advise
Advise,Advise
Separate,Separate
Arrest,Arrest
Advise,Advise
Arrest,Arrest
Advise,Separate
Advise,Advise
Separate,Separate
Arrest,Arrest
Separate,Separate
Advise,Advise
Arrest,Arrest
Arrest,Arrest
Separate,Separate
Separate,Separate
Advise,Arrest
Advise,Advise
Separate,Separate
Separate,Separate
Separate,Separate
Separate,Separate
Arrest,Arrest
Separate,Separate
Separate,Separate
Advise,Advise
Arrest,Arrest
Advise,Advise
Arrest,Arrest
Separate,Separate
